,LR scores train,LR scores test
0,0.933768075602741,0.9584051724137931
1,0.9365818607621886,0.9525925925925927
2,0.9477938924181283,0.9174408783783783
3,0.9458031722375985,0.9121693121693122
4,0.9438004032258064,0.9257670027891011
